zipcode,neighborhood
10001,Chelsea / West Midtown
10002,Lower East Side
10003,Greenwich Village/Union Square/Gramercy/Flatiron
10004,Battery Park City
10005,Financial District
10006,Financial District/Battery Park City
10007,Tribeca/Financial District
10009,East Village
10010,Gramercy/Flatiron
10011,Chelsea / Village
10012,"Village, NoHo, Soho"
10013,Tribeca/Soho
10014,"West Village, Soho"
10016,Murray Hill/Kips Bay
10017,Midtown East
10018,Midtown West
10019,Midtown West
10021,Upper East Side
10022,Midtown East
10023,Upper West Side
10024,Upper West Side
10025,Upper West Side
10026,"Manhattan Valley, Morningside Heights, Harlem"
10027,"Mt. Morris Park, Morningside Heights"
10028,Upper East Side
10029,"East Harlem, Carnegie Hill"
10030,Harlem
10031,"Hamilton Heights, Sugar Hill"
10032,Washington Heights
10033,Washington Heights
10034,Inwood
10035,Harlem
10036,Midtown West
10037,Harlem
10038,"Financial District, Seaport"
10039,Harlem
10040,Washington Hts/Hudson Hts
10065,Upper East Side
10069,Upper West Side
10075,Upper East Side
10103,Midtown West
10128,Upper East Side
10280,Battery Park City
10282,Tribeca/Financial District
11692,Arverne
11102,Astoria
11359,Bayside
11426,Bellerose
11697,Breezy Point
11411,Cambria Heights
11356,College Point
11368,Corona
11369,East Elmhurst
11373,Elmhurst
11690,Far Rockaway
11002,Floral Park
11351,Flushing
11375,Forest Hills
11365,Fresh Meadows
11004,Glen Oaks
11423,Hollis
11414,Howard Beach
11372,Jackson Heights
11405,Jamaica
11415,Kew Gardens
11362,Little Neck
11101,Long Island City
11378,Maspeth
11379,Middle Village
11364,Oakland Gardens
11416,Ozone Park
11427,Queens Village
11374,Rego Park
11418,Richmond Hill
11385,Ridgewood
11694,Rockaway Park
11422,Rosedale
11412,Saint Albans
11420,South Ozone Park
11419,South Richmond Hill
11413,Springfield Gardens
11104,Sunnyside
11357,Whitestone
11421,Woodhaven
11377,Woodside
11226,Albemarle-Kenmore Terrace
11214,Bath Beach
11209,Bay Ridge
11216,Bedford Stuyvesant
11214,Bensonhurst
11234,Bergen Beach
11226,Beverley Square East
11226,Beverley Square West
11201,Boerum Hill
11217,Boerum Hill
11219,Borough Park
11204,Borough Park
11235,Brighton Beach
11233,Broadway Junction
11201,Brooklyn Heights
11212,Brownsville
11221,Bushwick
11236,Canarsie
11231,Carroll Gardens
11218,Caton Park
11207,City Line
11205,Clinton Hill
11201,Cobble Hill
11224,Coney Island
11225,Crown Heights
11213,Crown Heights
11213,Crown Heights North
11208,Cypress Hills
11226,Ditmas Park
11226,Ditmas Park West
11201,Downtown
11201,DUMBO
11228,Dyker Heights
11203,East Flatbush
11207,East New York
11208,East New York
11206,East Williamsburg
11210,Farragut
11230,Fiske Terrace
11226,Flatbush
11236,Flatlands
11205,Fort Greene
11209,Fort Hamilton
11201,Fulton Ferry
11230,Georgetown
11229,Gerritsen Beach
11231,Gowanus
11223,Gravesend
11222,Greenpoint
11232,Greenwood Heights
11207,Highland Park
11239,Homecrest
11218,Kensington
11204,Mapleton
11229,Madison
11234,Manhattan Beach
11230,Manhattan Terrace
11234,Marine Park
11230,Midwood
11210,Midwood Park
11234,Mill Basin
11234,Mill Island
11205,Navy Yard
11236,New Lots
11211,North Side
11212,Northeast Flatbush
11233,Ocean Hill
11230,Ocean Parkway
11236,Paerdegat Basin
11215,Park Slope
11217,Park Slope
11235,Plum Beach
11225,Prospect Lefferts Gardens
11217,Prospect Heights
11238,Prospect Heights
11217,Prospect Park South
11231,Red Hook
11236,Remsen Village
11203,Rugby
11224,Sea Gate
11235,Sheepshead Bay
11210,South Midwood
11210,South Side
11215,South Park Slope
11239,Spring Creek
11218,Stable Brooklyn
11239,Starrett City
11216,Stuyvesant Heights
11220,Sunset Park
11201,Vinegar Hill
11233,Weeksville
11230,West Midwood
11206,Williamsburg
11249,Williamsburg
11211,Williamsburg
11218,Windsor Terrace
11203,Wingate
